SubjID,bin1,bin2,bin3,bin4,bin5,bin6,bin7,bin8,bin9,bin10,bin11,bin12,bin13,bin14,bin15,bin16,bin17,bin18,bin19,bin20,bin21,bin22,bin23,bin24,hits,misses,correctRejections,falseAlarms,totalTrials,hit_rate,fa_rate,hit_rate_z,fa_rate_z,d_prime_raw,d_prime,sensitivity
S201,6,10,6,10,6,10,6,10,6,10,6,10,10,6,10,6,10,6,10,6,10,6,10,6,16,16,16,16,32,0.5,0.5,-1.4433756729740645,1.4433756729740645,0,-2.886751345948129,Reversed
S202,10,6,10,6,10,6,10,6,10,6,10,6,12,4,12,4,12,4,12,4,12,4,12,4,22,10,22,10,32,0.6875,0.3125,0.2886751345948129,-0.2886751345948129,0.375,0.5773502691896258,Insensitive
S203,13,3,13,3,13,3,13,3,13,3,13,3,9,7,9,7,9,7,9,7,9,7,9,7,22,10,22,10,32,0.6875,0.3125,0.2886751345948129,-0.2886751345948129,0.375,0.5773502691896258,Insensitive
S204,12,4,12,4,12,4,12,4,12,4,12,4,12,4,12,4,12,4,12,4,12,4,12,4,24,8,24,8,32,0.75,0.25,0.8660254037844387,-0.8660254037844387,0.5,1.7320508075688774,Sensitive
